posicion,id_tema,titulo,artista,tono,Guitarra 1,Guitarra 2,Bajo,Batería,Voz,Armónica,Teclados,Otros
1,sweet-little-angel,Sweet Little Angel,B.B. King,B,,,,,,,,
2,walking-thru-the-park,Walking Thru the Park,Muddy Waters,A,,,,,,,,
3,dust-my-broom,Dust My Broom,Elmore James,D,,,,,,,,
4,blues-del-politico,Blues Del Politico,Durazno de Gala,C,,,,,,,,
5,the-thrill-is-gone,The Thrill Is Gone,B.B. King,Bm,,,,,,,,
6,blues-del-equipaje,Blues del Equipaje,La Mississippi,A,,,,,,,,
7,cafe-madrid,Café Madrid,La Mississippi,G,,,,,,,,
8,got-my-mojo-working,Got My Mojo Working,Muddy Waters,E,,,,,,,,
9,messin-with-the-kid,Messin' With the Kid,Junior Wells,C,,,,,,,,
10,crossroads,Crossroads,Eric Clapton,A,,,,,,,,
11,the-score,The Score,Robert Cray,C,,,,,,,,
12,blues-de-rosario,Blues de Rosario,Memphis La Blusera,E,,,,,,,,
13,tres-palabras,Tres Palabras,La Mississippi,A,,,,,,,,
