id,titulo,artista,tono_default,tempo,etiquetas,dificultad,songsterr_id
sweet-little-angel,Sweet Little Angel,B.B. King,B,,,,
walking-thru-the-park,Walking Thru the Park,Muddy Waters,A,,,,
dust-my-broom,Dust My Broom,Elmore James,D,,,,
blues-del-politico,Blues Del Politico,Durazno de Gala,C,,,,
the-thrill-is-gone,The Thrill Is Gone,B.B. King,Bm,,,,
blues-del-equipaje,Blues del Equipaje,La Mississippi,A,,,,
cafe-madrid,Café Madrid,La Mississippi,G,,,,
got-my-mojo-working,Got My Mojo Working,Muddy Waters,E,,,,
messin-with-the-kid,Messin' With the Kid,Junior Wells,C,,,,
crossroads,Crossroads,Eric Clapton,A,,,,
the-score,The Score,Robert Cray,C,,,,
blues-de-rosario,Blues de Rosario,Memphis La Blusera,E,,,,
tres-palabras,Tres Palabras,La Mississippi,A,,,,
